Workbook

Sheet Typical
A1: Corvane Q4 FY2026 AE payouts, typical spreadsheet
A2: Credit = Closed Won in the quarter, by owner, split by split_pct. Tiered rate, capped at 3x target.
A4: Rep | B4: Quota | C4: Target incentive | D4: Credited bookings | E4: Attainment | F4: Commission | G4: Payout
A5: Priya Shah | B5: =Inputs!$B$3 | C5: =Inputs!$B$4 | D5: =SUMIFS(Export!$O$2:$O$96,Export!$C$2:$C$96,A5)+SUMIFS(Export!$P$2:$P$96,Export!$L$2:$L$96,A5) | E5: =D5/B5 | F5: =MIN(3*C5,C5/B5*(MIN(D5,B5)+1.5*MAX(0,MIN(D5,1.25*B5)-B5)+2*MAX(0,D5-1.25*B5))) | G5: =F5
A6: Tyler Brooks | B6: =Inputs!$B$3 | C6: =Inputs!$B$4 | D6: =SUMIFS(Export!$O$2:$O$96,Export!$C$2:$C$96,A6)+SUMIFS(Export!$P$2:$P$96,Export!$L$2:$L$96,A6) | E6: =D6/B6 | F6: =MIN(3*C6,C6/B6*(MIN(D6,B6)+1.5*MAX(0,MIN(D6,1.25*B6)-B6)+2*MAX(0,D6-1.25*B6))) | G6: =F6
A7: Sarah Chen | B7: =Inputs!$B$3 | C7: =Inputs!$B$4 | D7: =SUMIFS(Export!$O$2:$O$96,Export!$C$2:$C$96,A7)+SUMIFS(Export!$P$2:$P$96,Export!$L$2:$L$96,A7) | E7: =D7/B7 | F7: =MIN(3*C7,C7/B7*(MIN(D7,B7)+1.5*MAX(0,MIN(D7,1.25*B7)-B7)+2*MAX(0,D7-1.25*B7))) | G7: =F7
A8: Marcus Reed | B8: =Inputs!$B$3 | C8: =Inputs!$B$4 | D8: =SUMIFS(Export!$O$2:$O$96,Export!$C$2:$C$96,A8)+SUMIFS(Export!$P$2:$P$96,Export!$L$2:$L$96,A8) | E8: =D8/B8 | F8: =MIN(3*C8,C8/B8*(MIN(D8,B8)+1.5*MAX(0,MIN(D8,1.25*B8)-B8)+2*MAX(0,D8-1.25*B8))) | G8: =F8
A9: Dan Ortiz | B9: =Inputs!$B$3 | C9: =Inputs!$B$4 | D9: =SUMIFS(Export!$O$2:$O$96,Export!$C$2:$C$96,A9)+SUMIFS(Export!$P$2:$P$96,Export!$L$2:$L$96,A9) | E9: =D9/B9 | F9: =MIN(3*C9,C9/B9*(MIN(D9,B9)+1.5*MAX(0,MIN(D9,1.25*B9)-B9)+2*MAX(0,D9-1.25*B9))) | G9: =F9
A10: Ana Lima | B10: =Inputs!$B$3 | C10: =Inputs!$B$4 | D10: =SUMIFS(Export!$O$2:$O$96,Export!$C$2:$C$96,A10)+SUMIFS(Export!$P$2:$P$96,Export!$L$2:$L$96,A10) | E10: =D10/B10 | F10: =MIN(3*C10,C10/B10*(MIN(D10,B10)+1.5*MAX(0,MIN(D10,1.25*B10)-B10)+2*MAX(0,D10-1.25*B10))) | G10: =F10
A11: Total | G11: =SUM(G5:G10)

Sheet Fixed
A1: Corvane Q4 FY2026 AE payouts, fixed spreadsheet
A2: Same as Typical, plus every rule from the plan PDF, Tom's email and the Slack SPIFF (orange helper columns on Export and Reps).
A4: Rep | B4: Quota | C4: Target incentive | D4: Credited bookings | E4: Attainment | F4: Commission | G4: SPIFF | H4: Employed on Jan 15? | I4: Payout
A5: Priya Shah | B5: =Reps!E2 | C5: =Reps!F2 | D5: =SUMIFS(Export!$Z$2:$Z$96,Export!$C$2:$C$96,A5)+SUMIFS(Export!$AA$2:$AA$96,Export!$L$2:$L$96,A5) | E5: =D5/B5 | F5: =MIN(3*C5,C5/B5*(MIN(D5,B5)+1.5*MAX(0,MIN(D5,1.25*B5)-B5)+2*MAX(0,D5-1.25*B5))) | G5: =SUMIFS(Export!$AB$2:$AB$96,Export!$C$2:$C$96,A5) | H5: =Reps!G2 | I5: =IF(H5,F5+G5,0)
A6: Tyler Brooks | B6: =Reps!E3 | C6: =Reps!F3 | D6: =SUMIFS(Export!$Z$2:$Z$96,Export!$C$2:$C$96,A6)+SUMIFS(Export!$AA$2:$AA$96,Export!$L$2:$L$96,A6) | E6: =D6/B6 | F6: =MIN(3*C6,C6/B6*(MIN(D6,B6)+1.5*MAX(0,MIN(D6,1.25*B6)-B6)+2*MAX(0,D6-1.25*B6))) | G6: =SUMIFS(Export!$AB$2:$AB$96,Export!$C$2:$C$96,A6) | H6: =Reps!G3 | I6: =IF(H6,F6+G6,0)
A7: Sarah Chen | B7: =Reps!E4 | C7: =Reps!F4 | D7: =SUMIFS(Export!$Z$2:$Z$96,Export!$C$2:$C$96,A7)+SUMIFS(Export!$AA$2:$AA$96,Export!$L$2:$L$96,A7) | E7: =D7/B7 | F7: =MIN(3*C7,C7/B7*(MIN(D7,B7)+1.5*MAX(0,MIN(D7,1.25*B7)-B7)+2*MAX(0,D7-1.25*B7))) | G7: =SUMIFS(Export!$AB$2:$AB$96,Export!$C$2:$C$96,A7) | H7: =Reps!G4 | I7: =IF(H7,F7+G7,0)
A8: Marcus Reed | B8: =Reps!E5 | C8: =Reps!F5 | D8: =SUMIFS(Export!$Z$2:$Z$96,Export!$C$2:$C$96,A8)+SUMIFS(Export!$AA$2:$AA$96,Export!$L$2:$L$96,A8) | E8: =D8/B8 | F8: =MIN(3*C8,C8/B8*(MIN(D8,B8)+1.5*MAX(0,MIN(D8,1.25*B8)-B8)+2*MAX(0,D8-1.25*B8))) | G8: =SUMIFS(Export!$AB$2:$AB$96,Export!$C$2:$C$96,A8) | H8: =Reps!G5 | I8: =IF(H8,F8+G8,0)
A9: Dan Ortiz | B9: =Reps!E6 | C9: =Reps!F6 | D9: =SUMIFS(Export!$Z$2:$Z$96,Export!$C$2:$C$96,A9)+SUMIFS(Export!$AA$2:$AA$96,Export!$L$2:$L$96,A9) | E9: =D9/B9 | F9: =MIN(3*C9,C9/B9*(MIN(D9,B9)+1.5*MAX(0,MIN(D9,1.25*B9)-B9)+2*MAX(0,D9-1.25*B9))) | G9: =SUMIFS(Export!$AB$2:$AB$96,Export!$C$2:$C$96,A9) | H9: =Reps!G6 | I9: =IF(H9,F9+G9,0)
A10: Ana Lima | B10: =Reps!E7 | C10: =Reps!F7 | D10: =SUMIFS(Export!$Z$2:$Z$96,Export!$C$2:$C$96,A10)+SUMIFS(Export!$AA$2:$AA$96,Export!$L$2:$L$96,A10) | E10: =D10/B10 | F10: =MIN(3*C10,C10/B10*(MIN(D10,B10)+1.5*MAX(0,MIN(D10,1.25*B10)-B10)+2*MAX(0,D10-1.25*B10))) | G10: =SUMIFS(Export!$AB$2:$AB$96,Export!$C$2:$C$96,A10) | H10: =Reps!G7 | I10: =IF(H10,F10+G10,0)
A11: Total | I11: =SUM(I5:I10)

Sheet Inputs
A1: Quarter start | B1: 46296 | C1: Plan, Overview
A2: Quarter end | B2: 46387 | C2: Plan, Overview
A3: Quota | B3: 300000 | C3: Plan, Overview
A4: Target incentive | B4: 20000 | C4: Plan, Overview
A5: Payment date | B5: 46402 | C5: Plan, General Terms
A6: Renewal credit | B6: 0.5 | C6: Tom's email, Nov 3
A7: SPIFF per new logo | B7: 500 | C7: Slack #sales, Nov 2
A8: SPIFF minimum | B8: 50000 | C8: Slack #sales, Nov 2
A9: Max discount without VP | B9: 20 | C9: Plan, Deal Desk

Sheet Export
A1: opportunity_id | B1: account | C1: owner | D1: stage | E1: type | F1: close_date | G1: amount | H1: currency | I1: discount_pct | J1: vp_approval | K1: new_logo | L1: split_rep | M1: split_pct | N1: owner_pct | O1: Typical: owner credit | P1: Typical: split credit | Q1: FX week | R1: USD rate | S1: First copy? | T1: Renewal factor | U1: Deal desk OK? | V1: Owner % | W1: Split adds to 100%? | X1: Commissionable? | Y1: Credit (USD) | Z1: Fixed: owner credit | AA1: Fixed: split credit | AB1: SPIFF
A2: OPP-2065 | B2: Ivers Logistics | C2: Dan Ortiz | D2: Closed Won | E2: New Business | F2: 46317 | G2: 30000 | H2: USD | I2: 0 | K2: No | O2: =IF(AND(D2="Closed Won",F2>=Inputs!$B$1,F2<=Inputs!$B$2),G2*(1-N(M2)/100),0) | P2: =IF(AND(D2="Closed Won",F2>=Inputs!$B$1,F2<=Inputs!$B$2),G2*N(M2)/100,0) | Q2: =IF(H2="USD","",_xlfn.MAXIFS(FX!$A$2:$A$100,FX!$B$2:$B$100,H2,FX!$A$2:$A$100,"<="&F2)) | R2: =IF(H2="USD",1,SUMIFS(FX!$C$2:$C$100,FX!$A$2:$A$100,Q2,FX!$B$2:$B$100,H2)) | S2: =COUNTIF($A$2:A2,A2)=1 | T2: =IF(E2="Renewal",Inputs!$B$6,1) | U2: =OR(N(I2)<=Inputs!$B$9,J2<>"") | V2: =IF(L2="",100,IF(N2="",100-M2,N2)) | W2: =V2+N(M2)=100 | X2: =AND(D2="Closed Won",F2>=Inputs!$B$1,F2<=Inputs!$B$2,S2,U2,W2) | Y2: =IF(X2,G2*R2*T2,0) | Z2: =Y2*V2/100 | AA2: =Y2*N(M2)/100 | AB2: =IF(AND(X2,K2="Yes",MONTH(F2)=11,Y2>Inputs!$B$8),Inputs!$B$7,0)
A3: OPP-2084 | B3: Fairlow Supply | C3: Priya Shah | D3: Closed Lost | E3: New Business | F3: 46307 | G3: 53000 | H3: USD | I3: 0 | K3: No | O3: =IF(AND(D3="Closed Won",F3>=Inputs!$B$1,F3<=Inputs!$B$2),G3*(1-N(M3)/100),0) | P3: =IF(AND(D3="Closed Won",F3>=Inputs!$B$1,F3<=Inputs!$B$2),G3*N(M3)/100,0) | Q3: =IF(H3="USD","",_xlfn.MAXIFS(FX!$A$2:$A$100,FX!$B$2:$B$100,H3,FX!$A$2:$A$100,"<="&F3)) | R3: =IF(H3="USD",1,SUMIFS(FX!$C$2:$C$100,FX!$A$2:$A$100,Q3,FX!$B$2:$B$100,H3)) | S3: =COUNTIF($A$2:A3,A3)=1 | T3: =IF(E3="Renewal",Inputs!$B$6,1) | U3: =OR(N(I3)<=Inputs!$B$9,J3<>"") | V3: =IF(L3="",100,IF(N3="",100-M3,N3)) | W3: =V3+N(M3)=100 | X3: =AND(D3="Closed Won",F3>=Inputs!$B$1,F3<=Inputs!$B$2,S3,U3,W3) | Y3: =IF(X3,G3*R3*T3,0) | Z3: =Y3*V3/100 | AA3: =Y3*N(M3)/100 | AB3: =IF(AND(X3,K3="Yes",MONTH(F3)=11,Y3>Inputs!$B$8),Inputs!$B$7,0)
A4: OPP-2075 | B4: Northgate Analytics | C4: Ana Lima | D4: Closed Won | E4: Expansion | F4: 46363 | G4: 17000 | H4: USD | I4: 10 | K4: No | O4: =IF(AND(D4="Closed Won",F4>=Inputs!$B$1,F4<=Inputs!$B$2),G4*(1-N(M4)/100),0) | P4: =IF(AND(D4="Closed Won",F4>=Inputs!$B$1,F4<=Inputs!$B$2),G4*N(M4)/100,0) | Q4: =IF(H4="USD","",_xlfn.MAXIFS(FX!$A$2:$A$100,FX!$B$2:$B$100,H4,FX!$A$2:$A$100,"<="&F4)) | R4: =IF(H4="USD",1,SUMIFS(FX!$C$2:$C$100,FX!$A$2:$A$100,Q4,FX!$B$2:$B$100,H4)) | S4: =COUNTIF($A$2:A4,A4)=1 | T4: =IF(E4="Renewal",Inputs!$B$6,1) | U4: =OR(N(I4)<=Inputs!$B$9,J4<>"") | V4: =IF(L4="",100,IF(N4="",100-M4,N4)) | W4: =V4+N(M4)=100 | X4: =AND(D4="Closed Won",F4>=Inputs!$B$1,F4<=Inputs!$B$2,S4,U4,W4) | Y4: =IF(X4,G4*R4*T4,0) | Z4: =Y4*V4/100 | AA4: =Y4*N(M4)/100 | AB4: =IF(AND(X4,K4="Yes",MONTH(F4)=11,Y4>Inputs!$B$8),Inputs!$B$7,0)
A5: OPP-2012 | B5: Tamber Foods | C5: Priya Shah | D5: Closed Won | E5: New Business | F5: 46344 | G5: 55000 | H5: USD | I5: 0 | K5: Yes | O5: =IF(AND(D5="Closed Won",F5>=Inputs!$B$1,F5<=Inputs!$B$2),G5*(1-N(M5)/100),0) | P5: =IF(AND(D5="Closed Won",F5>=Inputs!$B$1,F5<=Inputs!$B$2),G5*N(M5)/100,0) | Q5: =IF(H5="USD","",_xlfn.MAXIFS(FX!$A$2:$A$100,FX!$B$2:$B$100,H5,FX!$A$2:$A$100,"<="&F5)) | R5: =IF(H5="USD",1,SUMIFS(FX!$C$2:$C$100,FX!$A$2:$A$100,Q5,FX!$B$2:$B$100,H5)) | S5: =COUNTIF($A$2:A5,A5)=1 | T5: =IF(E5="Renewal",Inputs!$B$6,1) | U5: =OR(N(I5)<=Inputs!$B$9,J5<>"") | V5: =IF(L5="",100,IF(N5="",100-M5,N5)) | W5: =V5+N(M5)=100 | X5: =AND(D5="Closed Won",F5>=Inputs!$B$1,F5<=Inputs!$B$2,S5,U5,W5) | Y5: =IF(X5,G5*R5*T5,0) | Z5: =Y5*V5/100 | AA5: =Y5*N(M5)/100 | AB5: =IF(AND(X5,K5="Yes",MONTH(F5)=11,Y5>Inputs!$B$8),Inputs!$B$7,0)
A6: OPP-2009 | B6: Northgate Dental | C6: Priya Shah | D6: Closed Won | E6: Renewal | F6: 46296 | G6: 31000 | H6: USD | I6: 0 | K6: No | O6: =IF(AND(D6="Closed Won",F6>=Inputs!$B$1,F6<=Inputs!$B$2),G6*(1-N(M6)/100),0) | P6: =IF(AND(D6="Closed Won",F6>=Inputs!$B$1,F6<=Inputs!$B$2),G6*N(M6)/100,0) | Q6: =IF(H6="USD","",_xlfn.MAXIFS(FX!$A$2:$A$100,FX!$B$2:$B$100,H6,FX!$A$2:$A$100,"<="&F6)) | R6: =IF(H6="USD",1,SUMIFS(FX!$C$2:$C$100,FX!$A$2:$A$100,Q6,FX!$B$2:$B$100,H6)) | S6: =COUNTIF($A$2:A6,A6)=1 | T6: =IF(E6="Renewal",Inputs!$B$6,1) | U6: =OR(N(I6)<=Inputs!$B$9,J6<>"") | V6: =IF(L6="",100,IF(N6="",100-M6,N6)) | W6: =V6+N(M6)=100 | X6: =AND(D6="Closed Won",F6>=Inputs!$B$1,F6<=Inputs!$B$2,S6,U6,W6) | Y6: =IF(X6,G6*R6*T6,0) | Z6: =Y6*V6/100 | AA6: =Y6*N(M6)/100 | AB6: =IF(AND(X6,K6="Yes",MONTH(F6)=11,Y6>Inputs!$B$8),Inputs!$B$7,0)
A7: OPP-2093 | B7: Holloway Labs | C7: Priya Shah | D7: Proposal | E7: New Business | F7: 46333 | G7: 52000 | H7: USD | I7: 0 | K7: No | O7: =IF(AND(D7="Closed Won",F7>=Inputs!$B$1,F7<=Inputs!$B$2),G7*(1-N(M7)/100),0) | P7: =IF(AND(D7="Closed Won",F7>=Inputs!$B$1,F7<=Inputs!$B$2),G7*N(M7)/100,0) | Q7: =IF(H7="USD","",_xlfn.MAXIFS(FX!$A$2:$A$100,FX!$B$2:$B$100,H7,FX!$A$2:$A$100,"<="&F7)) | R7: =IF(H7="USD",1,SUMIFS(FX!$C$2:$C$100,FX!$A$2:$A$100,Q7,FX!$B$2:$B$100,H7)) | S7: =COUNTIF($A$2:A7,A7)=1 | T7: =IF(E7="Renewal",Inputs!$B$6,1) | U7: =OR(N(I7)<=Inputs!$B$9,J7<>"") | V7: =IF(L7="",100,IF(N7="",100-M7,N7)) | W7: =V7+N(M7)=100 | X7: =AND(D7="Closed Won",F7>=Inputs!$B$1,F7<=Inputs!$B$2,S7,U7,W7) | Y7: =IF(X7,G7*R7*T7,0) | Z7: =Y7*V7/100 | AA7: =Y7*N(M7)/100 | AB7: =IF(AND(X7,K7="Yes",MONTH(F7)=11,Y7>Inputs!$B$8),Inputs!$B$7,0)
A8: OPP-2070 | B8: Wrenfield Retail | C8: Ana Lima | D8: Closed Won | E8: Renewal | F8: 46313 | G8: 12000 | H8: USD | I8: 0 | K8: No | O8: =IF(AND(D8="Closed Won",F8>=Inputs!$B$1,F8<=Inputs!$B$2),G8*(1-N(M8)/100),0) | P8: =IF(AND(D8="Closed Won",F8>=Inputs!$B$1,F8<=Inputs!$B$2),G8*N(M8)/100,0) | Q8: =IF(H8="USD","",_xlfn.MAXIFS(FX!$A$2:$A$100,FX!$B$2:$B$100,H8,FX!$A$2:$A$100,"<="&F8)) | R8: =IF(H8="USD",1,SUMIFS(FX!$C$2:$C$100,FX!$A$2:$A$100,Q8,FX!$B$2:$B$100,H8)) | S8: =COUNTIF($A$2:A8,A8)=1 | T8: =IF(E8="Renewal",Inputs!$B$6,1) | U8: =OR(N(I8)<=Inputs!$B$9,J8<>"") | V8: =IF(L8="",100,IF(N8="",100-M8,N8)) | W8: =V8+N(M8)=100 | X8: =AND(D8="Closed Won",F8>=Inputs!$B$1,F8<=Inputs!$B$2,S8,U8,W8) | Y8: =IF(X8,G8*R8*T8,0) | Z8: =Y8*V8/100 | AA8: =Y8*N(M8)/100 | AB8: =IF(AND(X8,K8="Yes",MONTH(F8)=11,Y8>Inputs!$B$8),Inputs!$B$7,0)
A9: OPP-2074 | B9: Brisk Dental | C9: Ana Lima | D9: Closed Won | E9: New Business | F9: 46342 | G9: 48000 | H9: USD | I9: 0 | K9: Yes | O9: =IF(AND(D9="Closed Won",F9>=Inputs!$B$1,F9<=Inputs!$B$2),G9*(1-N(M9)/100),0) | P9: =IF(AND(D9="Closed Won",F9>=Inputs!$B$1,F9<=Inputs!$B$2),G9*N(M9)/100,0) | Q9: =IF(H9="USD","",_xlfn.MAXIFS(FX!$A$2:$A$100,FX!$B$2:$B$100,H9,FX!$A$2:$A$100,"<="&F9)) | R9: =IF(H9="USD",1,SUMIFS(FX!$C$2:$C$100,FX!$A$2:$A$100,Q9,FX!$B$2:$B$100,H9)) | S9: =COUNTIF($A$2:A9,A9)=1 | T9: =IF(E9="Renewal",Inputs!$B$6,1) | U9: =OR(N(I9)<=Inputs!$B$9,J9<>"") | V9: =IF(L9="",100,IF(N9="",100-M9,N9)) | W9: =V9+N(M9)=100 | X9: =AND(D9="Closed Won",F9>=Inputs!$B$1,F9<=Inputs!$B$2,S9,U9,W9) | Y9: =IF(X9,G9*R9*T9,0) | Z9: =Y9*V9/100 | AA9: =Y9*N(M9)/100 | AB9: =IF(AND(X9,K9="Yes",MONTH(F9)=11,Y9>Inputs!$B$8),Inputs!$B$7,0)
A10: OPP-2069 | B10: Mireval Builders | C10: Ana Lima | D10: Closed Won | E10: New Business | F10: 46313 | G10: 27000 | H10: USD | I10: 10 | K10: No | O10: =IF(AND(D10="Closed Won",F10>=Inputs!$B$1,F10<=Inputs!$B$2),G10*(1-N(M10)/100),0) | P10: =IF(AND(D10="Closed Won",F10>=Inputs!$B$1,F10<=Inputs!$B$2),G10*N(M10)/100,0) | Q10: =IF(H10="USD","",_xlfn.MAXIFS(FX!$A$2:$A$100,FX!$B$2:$B$100,H10,FX!$A$2:$A$100,"<="&F10)) | R10: =IF(H10="USD",1,SUMIFS(FX!$C$2:$C$100,FX!$A$2:$A$100,Q10,FX!$B$2:$B$100,H10)) | S10: =COUNTIF($A$2:A10,A10)=1 | T10: =IF(E10="Renewal",Inputs!$B$6,1) | U10: =OR(N(I10)<=Inputs!$B$9,J10<>"") | V10: =IF(L10="",100,IF(N10="",100-M10,N10)) | W10: =V10+N(M10)=100 | X10: =AND(D10="Closed Won",F10>=Inputs!$B$1,F10<=Inputs!$B$2,S10,U10,W10) | Y10: =IF(X10,G10*R10*T10,0) | Z10: =Y10*V10/100 | AA10: =Y10*N(M10)/100 | AB10: =IF(AND(X10,K10="Yes",MONTH(F10)=11,Y10>Inputs!$B$8),Inputs!$B$7,0)
A11: OPP-2049 | B11: Fairlow Dental | C11: Marcus Reed | D11: Closed Won | E11: Expansion | F11: 46337 | G11: 29000 | H11: USD | I11: 15 | K11: No | O11: =IF(AND(D11="Closed Won",F11>=Inputs!$B$1,F11<=Inputs!$B$2),G11*(1-N(M11)/100),0) | P11: =IF(AND(D11="Closed Won",F11>=Inputs!$B$1,F11<=Inputs!$B$2),G11*N(M11)/100,0) | Q11: =IF(H11="USD","",_xlfn.MAXIFS(FX!$A$2:$A$100,FX!$B$2:$B$100,H11,FX!$A$2:$A$100,"<="&F11)) | R11: =IF(H11="USD",1,SUMIFS(FX!$C$2:$C$100,FX!$A$2:$A$100,Q11,FX!$B$2:$B$100,H11)) | S11: =COUNTIF($A$2:A11,A11)=1 | T11: =IF(E11="Renewal",Inputs!$B$6,1) | U11: =OR(N(I11)<=Inputs!$B$9,J11<>"") | V11: =IF(L11="",100,IF(N11="",100-M11,N11)) | W11: =V11+N(M11)=100 | X11: =AND(D11="Closed Won",F11>=Inputs!$B$1,F11<=Inputs!$B$2,S11,U11,W11) | Y11: =IF(X11,G11*R11*T11,0) | Z11: =Y11*V11/100 | AA11: =Y11*N(M11)/100 | AB11: =IF(AND(X11,K11="Yes",MONTH(F11)=11,Y11>Inputs!$B$8),Inputs!$B$7,0)
A12: OPP-2014 | B12: Gantry Health | C12: Priya Shah | D12: Closed Won | E12: Expansion | F12: 46375 | G12: 13500 | H12: USD | I12: 0 | K12: No | O12: =IF(AND(D12="Closed Won",F12>=Inputs!$B$1,F12<=Inputs!$B$2),G12*(1-N(M12)/100),0) | P12: =IF(AND(D12="Closed Won",F12>=Inputs!$B$1,F12<=Inputs!$B$2),G12*N(M12)/100,0) | Q12: =IF(H12="USD","",_xlfn.MAXIFS(FX!$A$2:$A$100,FX!$B$2:$B$100,H12,FX!$A$2:$A$100,"<="&F12)) | R12: =IF(H12="USD",1,SUMIFS(FX!$C$2:$C$100,FX!$A$2:$A$100,Q12,FX!$B$2:$B$100,H12)) | S12: =COUNTIF($A$2:A12,A12)=1 | T12: =IF(E12="Renewal",Inputs!$B$6,1) | U12: =OR(N(I12)<=Inputs!$B$9,J12<>"") | V12: =IF(L12="",100,IF(N12="",100-M12,N12)) | W12: =V12+N(M12)=100 | X12: =AND(D12="Closed Won",F12>=Inputs!$B$1,F12<=Inputs!$B$2,S12,U12,W12) | Y12: =IF(X12,G12*R12*T12,0) | Z12: =Y12*V12/100 | AA12: =Y12*N(M12)/100 | AB12: =IF(AND(X12,K12="Yes",MONTH(F12)=11,Y12>Inputs!$B$8),Inputs!$B$7,0)
A13: OPP-2016 | B13: Kessel Analytics | C13: Priya Shah | D13: Closed Won | E13: Renewal | F13: 46371 | G13: 13000 | H13: USD | I13: 0 | K13: No | O13: =IF(AND(D13="Closed Won",F13>=Inputs!$B$1,F13<=Inputs!$B$2),G13*(1-N(M13)/100),0) | P13: =IF(AND(D13="Closed Won",F13>=Inputs!$B$1,F13<=Inputs!$B$2),G13*N(M13)/100,0) | Q13: =IF(H13="USD","",_xlfn.MAXIFS(FX!$A$2:$A$100,FX!$B$2:$B$100,H13,FX!$A$2:$A$100,"<="&F13)) | R13: =IF(H13="USD",1,SUMIFS(FX!$C$2:$C$100,FX!$A$2:$A$100,Q13,FX!$B$2:$B$100,H13)) | S13: =COUNTIF($A$2:A13,A13)=1 | T13: =IF(E13="Renewal",Inputs!$B$6,1) | U13: =OR(N(I13)<=Inputs!$B$9,J13<>"") | V13: =IF(L13="",100,IF(N13="",100-M13,N13)) | W13: =V13+N(M13)=100 | X13: =AND(D13="Closed Won",F13>=Inputs!$B$1,F13<=Inputs!$B$2,S13,U13,W13) | Y13: =IF(X13,G13*R13*T13,0) | Z13: =Y13*V13/100 | AA13: =Y13*N(M13)/100 | AB13: =IF(AND(X13,K13="Yes",MONTH(F13)=11,Y13>Inputs!$B$8),Inputs!$B$7,0)
... A31: OPP-2060 | B31: Quill Builders | C31: Dan Ortiz | D31: Closed Won | E31: Renewal | F31: 46304 | G31: 17000 | H31: USD | I31: 0 | K31: No | O31: =IF(AND(D31="Closed Won",F31>=Inputs!$B$1,F31<=Inputs!$B$2),G31*(1-N(M31)/100),0) | P31: =IF(AND(D31="Closed Won",F31>=Inputs!$B$1,F31<=Inputs!$B$2),G31*N(M31)/100,0) | Q31: =IF(H31="USD","",_xlfn.MAXIFS(FX!$A$2:$A$100,FX!$B$2:$B$100,H31,FX!$A$2:$A$100,"<="&F31)) | R31: =IF(H31="USD",1,SUMIFS(FX!$C$2:$C$100,FX!$A$2:$A$100,Q31,FX!$B$2:$B$100,H31)) | S31: =COUNTIF($A$2:A31,A31)=1 | T31: =IF(E31="Renewal",Inputs!$B$6,1) | U31: =OR(N(I31)<=Inputs!$B$9,J31<>"") | V31: =IF(L31="",100,IF(N31="",100-M31,N31)) | W31: =V31+N(M31)=100 | X31: =AND(D31="Closed Won",F31>=Inputs!$B$1,F31<=Inputs!$B$2,S31,U31,W31) | Y31: =IF(X31,G31*R31*T31,0) | Z31: =Y31*V31/100 | AA31: =Y31*N(M31)/100 | AB31: =IF(AND(X31,K31="Yes",MONTH(F31)=11,Y31>Inputs!$B$8),Inputs!$B$7,0)
A32: OPP-2040 | B32: Tamber Retail | C32: Sarah Chen | D32: Closed Won | E32: New Business | F32: 46350 | G32: 80000 | H32: USD | I32: 0 | K32: No | L32: Marcus Reed | M32: 40 | N32: 70 | O32: =IF(AND(D32="Closed Won",F32>=Inputs!$B$1,F32<=Inputs!$B$2),G32*(1-N(M32)/100),0) | P32: =IF(AND(D32="Closed Won",F32>=Inputs!$B$1,F32<=Inputs!$B$2),G32*N(M32)/100,0) | Q32: =IF(H32="USD","",_xlfn.MAXIFS(FX!$A$2:$A$100,FX!$B$2:$B$100,H32,FX!$A$2:$A$100,"<="&F32)) | R32: =IF(H32="USD",1,SUMIFS(FX!$C$2:$C$100,FX!$A$2:$A$100,Q32,FX!$B$2:$B$100,H32)) | S32: =COUNTIF($A$2:A32,A32)=1 | T32: =IF(E32="Renewal",Inputs!$B$6,1) | U32: =OR(N(I32)<=Inputs!$B$9,J32<>"") | V32: =IF(L32="",100,IF(N32="",100-M32,N32)) | W32: =V32+N(M32)=100 | X32: =AND(D32="Closed Won",F32>=Inputs!$B$1,F32<=Inputs!$B$2,S32,U32,W32) | Y32: =IF(X32,G32*R32*T32,0) | Z32: =Y32*V32/100 | AA32: =Y32*N(M32)/100 | AB32: =IF(AND(X32,K32="Yes",MONTH(F32)=11,Y32>Inputs!$B$8),Inputs!$B$7,0)
A33: OPP-2057 | B33: Pell Foods | C33: Dan Ortiz | D33: Closed Won | E33: Renewal | F33: 46297 | G33: 13000 | H33: USD | I33: 10 | K33: No | O33: =IF(AND(D33="Closed Won",F33>=Inputs!$B$1,F33<=Inputs!$B$2),G33*(1-N(M33)/100),0) | P33: =IF(AND(D33="Closed Won",F33>=Inputs!$B$1,F33<=Inputs!$B$2),G33*N(M33)/100,0) | Q33: =IF(H33="USD","",_xlfn.MAXIFS(FX!$A$2:$A$100,FX!$B$2:$B$100,H33,FX!$A$2:$A$100,"<="&F33)) | R33: =IF(H33="USD",1,SUMIFS(FX!$C$2:$C$100,FX!$A$2:$A$100,Q33,FX!$B$2:$B$100,H33)) | S33: =COUNTIF($A$2:A33,A33)=1 | T33: =IF(E33="Renewal",Inputs!$B$6,1) | U33: =OR(N(I33)<=Inputs!$B$9,J33<>"") | V33: =IF(L33="",100,IF(N33="",100-M33,N33)) | W33: =V33+N(M33)=100 | X33: =AND(D33="Closed Won",F33>=Inputs!$B$1,F33<=Inputs!$B$2,S33,U33,W33) | Y33: =IF(X33,G33*R33*T33,0) | Z33: =Y33*V33/100 | AA33: =Y33*N(M33)/100 | AB33: =IF(AND(X33,K33="Yes",MONTH(F33)=11,Y33>Inputs!$B$8),Inputs!$B$7,0)
A34: OPP-2017 | B34: Quill Labs | C34: Tyler Brooks | D34: Closed Won | E34: Renewal | F34: 46345 | G34: 19000 | H34: USD | I34: 5 | K34: No | O34: =IF(AND(D34="Closed Won",F34>=Inputs!$B$1,F34<=Inputs!$B$2),G34*(1-N(M34)/100),0) | P34: =IF(AND(D34="Closed Won",F34>=Inputs!$B$1,F34<=Inputs!$B$2),G34*N(M34)/100,0) | Q34: =IF(H34="USD","",_xlfn.MAXIFS(FX!$A$2:$A$100,FX!$B$2:$B$100,H34,FX!$A$2:$A$100,"<="&F34)) | R34: =IF(H34="USD",1,SUMIFS(FX!$C$2:$C$100,FX!$A$2:$A$100,Q34,FX!$B$2:$B$100,H34)) | S34: =COUNTIF($A$2:A34,A34)=1 | T34: =IF(E34="Renewal",Inputs!$B$6,1) | U34: =OR(N(I34)<=Inputs!$B$9,J34<>"") | V34: =IF(L34="",100,IF(N34="",100-M34,N34)) | W34: =V34+N(M34)=100 | X34: =AND(D34="Closed Won",F34>=Inputs!$B$1,F34<=Inputs!$B$2,S34,U34,W34) | Y34: =IF(X34,G34*R34*T34,0) | Z34: =Y34*V34/100 | AA34: =Y34*N(M34)/100 | AB34: =IF(AND(X34,K34="Yes",MONTH(F34)=11,Y34>Inputs!$B$8),Inputs!$B$7,0)
A35: OPP-2089 | B35: Larchmont Energy | C35: Priya Shah | D35: Closed Lost | E35: New Business | F35: 46335 | G35: 29000 | H35: USD | I35: 0 | K35: No | O35: =IF(AND(D35="Closed Won",F35>=Inputs!$B$1,F35<=Inputs!$B$2),G35*(1-N(M35)/100),0) | P35: =IF(AND(D35="Closed Won",F35>=Inputs!$B$1,F35<=Inputs!$B$2),G35*N(M35)/100,0) | Q35: =IF(H35="USD","",_xlfn.MAXIFS(FX!$A$2:$A$100,FX!$B$2:$B$100,H35,FX!$A$2:$A$100,"<="&F35)) | R35: =IF(H35="USD",1,SUMIFS(FX!$C$2:$C$100,FX!$A$2:$A$100,Q35,FX!$B$2:$B$100,H35)) | S35: =COUNTIF($A$2:A35,A35)=1 | T35: =IF(E35="Renewal",Inputs!$B$6,1) | U35: =OR(N(I35)<=Inputs!$B$9,J35<>"") | V35: =IF(L35="",100,IF(N35="",100-M35,N35)) | W35: =V35+N(M35)=100 | X35: =AND(D35="Closed Won",F35>=Inputs!$B$1,F35<=Inputs!$B$2,S35,U35,W35) | Y35: =IF(X35,G35*R35*T35,0) | Z35: =Y35*V35/100 | AA35: =Y35*N(M35)/100 | AB35: =IF(AND(X35,K35="Yes",MONTH(F35)=11,Y35>Inputs!$B$8),Inputs!$B$7,0)
A36: OPP-2064 | B36: Orrin Health | C36: Dan Ortiz | D36: Closed Won | E36: Renewal | F36: 46302 | G36: 18500 | H36: USD | I36: 0 | K36: No | O36: =IF(AND(D36="Closed Won",F36>=Inputs!$B$1,F36<=Inputs!$B$2),G36*(1-N(M36)/100),0) | P36: =IF(AND(D36="Closed Won",F36>=Inputs!$B$1,F36<=Inputs!$B$2),G36*N(M36)/100,0) | Q36: =IF(H36="USD","",_xlfn.MAXIFS(FX!$A$2:$A$100,FX!$B$2:$B$100,H36,FX!$A$2:$A$100,"<="&F36)) | R36: =IF(H36="USD",1,SUMIFS(FX!$C$2:$C$100,FX!$A$2:$A$100,Q36,FX!$B$2:$B$100,H36)) | S36: =COUNTIF($A$2:A36,A36)=1 | T36: =IF(E36="Renewal",Inputs!$B$6,1) | U36: =OR(N(I36)<=Inputs!$B$9,J36<>"") | V36: =IF(L36="",100,IF(N36="",100-M36,N36)) | W36: =V36+N(M36)=100 | X36: =AND(D36="Closed Won",F36>=Inputs!$B$1,F36<=Inputs!$B$2,S36,U36,W36) | Y36: =IF(X36,G36*R36*T36,0) | Z36: =Y36*V36/100 | AA36: =Y36*N(M36)/100 | AB36: =IF(AND(X36,K36="Yes",MONTH(F36)=11,Y36>Inputs!$B$8),Inputs!$B$7,0)
A37: OPP-2094 | B37: Juniper Analytics | C37: Ana Lima | D37: Negotiation | E37: New Business | F37: 46325 | G37: 37000 | H37: USD | I37: 0 | K37: No | O37: =IF(AND(D37="Closed Won",F37>=Inputs!$B$1,F37<=Inputs!$B$2),G37*(1-N(M37)/100),0) | P37: =IF(AND(D37="Closed Won",F37>=Inputs!$B$1,F37<=Inputs!$B$2),G37*N(M37)/100,0) | Q37: =IF(H37="USD","",_xlfn.MAXIFS(FX!$A$2:$A$100,FX!$B$2:$B$100,H37,FX!$A$2:$A$100,"<="&F37)) | R37: =IF(H37="USD",1,SUMIFS(FX!$C$2:$C$100,FX!$A$2:$A$100,Q37,FX!$B$2:$B$100,H37)) | S37: =COUNTIF($A$2:A37,A37)=1 | T37: =IF(E37="Renewal",Inputs!$B$6,1) | U37: =OR(N(I37)<=Inputs!$B$9,J37<>"") | V37: =IF(L37="",100,IF(N37="",100-M37,N37)) | W37: =V37+N(M37)=100 | X37: =AND(D37="Closed Won",F37>=Inputs!$B$1,F37<=Inputs!$B$2,S37,U37,W37) | Y37: =IF(X37,G37*R37*T37,0) | Z37: =Y37*V37/100 | AA37: =Y37*N(M37)/100 | AB37: =IF(AND(X37,K37="Yes",MONTH(F37)=11,Y37>Inputs!$B$8),Inputs!$B$7,0)
A38: OPP-2027 | B38: Ostrand Freight | C38: Tyler Brooks | D38: Closed Won | E38: Expansion | F38: 46311 | G38: 15500 | H38: USD | I38: 15 | K38: No | O38: =IF(AND(D38="Closed Won",F38>=Inputs!$B$1,F38<=Inputs!$B$2),G38*(1-N(M38)/100),0) | P38: =IF(AND(D38="Closed Won",F38>=Inputs!$B$1,F38<=Inputs!$B$2),G38*N(M38)/100,0) | Q38: =IF(H38="USD","",_xlfn.MAXIFS(FX!$A$2:$A$100,FX!$B$2:$B$100,H38,FX!$A$2:$A$100,"<="&F38)) | R38: =IF(H38="USD",1,SUMIFS(FX!$C$2:$C$100,FX!$A$2:$A$100,Q38,FX!$B$2:$B$100,H38)) | S38: =COUNTIF($A$2:A38,A38)=1 | T38: =IF(E38="Renewal",Inputs!$B$6,1) | U38: =OR(N(I38)<=Inputs!$B$9,J38<>"") | V38: =IF(L38="",100,IF(N38="",100-M38,N38)) | W38: =V38+N(M38)=100 | X38: =AND(D38="Closed Won",F38>=Inputs!$B$1,F38<=Inputs!$B$2,S38,U38,W38) | Y38: =IF(X38,G38*R38*T38,0) | Z38: =Y38*V38/100 | AA38: =Y38*N(M38)/100 | AB38: =IF(AND(X38,K38="Yes",MONTH(F38)=11,Y38>Inputs!$B$8),Inputs!$B$7,0)
A39: OPP-2048 | B39: Kestrel Labs | C39: Marcus Reed | D39: Closed Won | E39: New Business | F39: 46358 | G39: 15500 | H39: USD | I39: 10 | K39: No | O39: =IF(AND(D39="Closed Won",F39>=Inputs!$B$1,F39<=Inputs!$B$2),G39*(1-N(M39)/100),0) | P39: =IF(AND(D39="Closed Won",F39>=Inputs!$B$1,F39<=Inputs!$B$2),G39*N(M39)/100,0) | Q39: =IF(H39="USD","",_xlfn.MAXIFS(FX!$A$2:$A$100,FX!$B$2:$B$100,H39,FX!$A$2:$A$100,"<="&F39)) | R39: =IF(H39="USD",1,SUMIFS(FX!$C$2:$C$100,FX!$A$2:$A$100,Q39,FX!$B$2:$B$100,H39)) | S39: =COUNTIF($A$2:A39,A39)=1 | T39: =IF(E39="Renewal",Inputs!$B$6,1) | U39: =OR(N(I39)<=Inputs!$B$9,J39<>"") | V39: =IF(L39="",100,IF(N39="",100-M39,N39)) | W39: =V39+N(M39)=100 | X39: =AND(D39="Closed Won",F39>=Inputs!$B$1,F39<=Inputs!$B$2,S39,U39,W39) | Y39: =IF(X39,G39*R39*T39,0) | Z39: =Y39*V39/100 | AA39: =Y39*N(M39)/100 | AB39: =IF(AND(X39,K39="Yes",MONTH(F39)=11,Y39>Inputs!$B$8),Inputs!$B$7,0)
A40: OPP-2042 | B40: Kessel Foods | C40: Marcus Reed | D40: Closed Won | E40: Renewal | F40: 46374 | G40: 31000 | H40: USD | I40: 0 | K40: No | O40: =IF(AND(D40="Closed Won",F40>=Inputs!$B$1,F40<=Inputs!$B$2),G40*(1-N(M40)/100),0) | P40: =IF(AND(D40="Closed Won",F40>=Inputs!$B$1,F40<=Inputs!$B$2),G40*N(M40)/100,0) | Q40: =IF(H40="USD","",_xlfn.MAXIFS(FX!$A$2:$A$100,FX!$B$2:$B$100,H40,FX!$A$2:$A$100,"<="&F40)) | R40: =IF(H40="USD",1,SUMIFS(FX!$C$2:$C$100,FX!$A$2:$A$100,Q40,FX!$B$2:$B$100,H40)) | S40: =COUNTIF($A$2:A40,A40)=1 | T40: =IF(E40="Renewal",Inputs!$B$6,1) | U40: =OR(N(I40)<=Inputs!$B$9,J40<>"") | V40: =IF(L40="",100,IF(N40="",100-M40,N40)) | W40: =V40+N(M40)=100 | X40: =AND(D40="Closed Won",F40>=Inputs!$B$1,F40<=Inputs!$B$2,S40,U40,W40) | Y40: =IF(X40,G40*R40*T40,0) | Z40: =Y40*V40/100 | AA40: =Y40*N(M40)/100 | AB40: =IF(AND(X40,K40="Yes",MONTH(F40)=11,Y40>Inputs!$B$8),Inputs!$B$7,0)
A41: OPP-2004 | B41: Tamber Dental | C41: Priya Shah | D41: Closed Won | E41: New Business | F41: 46296 | G41: 16000 | H41: USD | I41: 0 | K41: No | O41: =IF(AND(D41="Closed Won",F41>=Inputs!$B$1,F41<=Inputs!$B$2),G41*(1-N(M41)/100),0) | P41: =IF(AND(D41="Closed Won",F41>=Inputs!$B$1,F41<=Inputs!$B$2),G41*N(M41)/100,0) | Q41: =IF(H41="USD","",_xlfn.MAXIFS(FX!$A$2:$A$100,FX!$B$2:$B$100,H41,FX!$A$2:$A$100,"<="&F41)) | R41: =IF(H41="USD",1,SUMIFS(FX!$C$2:$C$100,FX!$A$2:$A$100,Q41,FX!$B$2:$B$100,H41)) | S41: =COUNTIF($A$2:A41,A41)=1 | T41: =IF(E41="Renewal",Inputs!$B$6,1) | U41: =OR(N(I41)<=Inputs!$B$9,J41<>"") | V41: =IF(L41="",100,IF(N41="",100-M41,N41)) | W41: =V41+N(M41)=100 | X41: =AND(D41="Closed Won",F41>=Inputs!$B$1,F41<=Inputs!$B$2,S41,U41,W41) | Y41: =IF(X41,G41*R41*T41,0) | Z41: =Y41*V41/100 | AA41: =Y41*N(M41)/100 | AB41: =IF(AND(X41,K41="Yes",MONTH(F41)=11,Y41>Inputs!$B$8),Inputs!$B$7,0)
A42: OPP-2024 | B42: Northgate Foods | C42: Tyler Brooks | D42: Closed Won | E42: New Business | F42: 46338 | G42: 25500 | H42: USD | I42: 15 | K42: No | O42: =IF(AND(D42="Closed Won",F42>=Inputs!$B$1,F42<=Inputs!$B$2),G42*(1-N(M42)/100),0) | P42: =IF(AND(D42="Closed Won",F42>=Inputs!$B$1,F42<=Inputs!$B$2),G42*N(M42)/100,0) | Q42: =IF(H42="USD","",_xlfn.MAXIFS(FX!$A$2:$A$100,FX!$B$2:$B$100,H42,FX!$A$2:$A$100,"<="&F42)) | R42: =IF(H42="USD",1,SUMIFS(FX!$C$2:$C$100,FX!$A$2:$A$100,Q42,FX!$B$2:$B$100,H42)) | S42: =COUNTIF($A$2:A42,A42)=1 | T42: =IF(E42="Renewal",Inputs!$B$6,1) | U42: =OR(N(I42)<=Inputs!$B$9,J42<>"") | V42: =IF(L42="",100,IF(N42="",100-M42,N42)) | W42: =V42+N(M42)=100 | X42: =AND(D42="Closed Won",F42>=Inputs!$B$1,F42<=Inputs!$B$2,S42,U42,W42) | Y42: =IF(X42,G42*R42*T42,0) | Z42: =Y42*V42/100 | AA42: =Y42*N(M42)/100 | AB42: =IF(AND(X42,K42="Yes",MONTH(F42)=11,Y42>Inputs!$B$8),Inputs!$B$7,0)
A43: OPP-2086 | B43: Ostrand Health | C43: Priya Shah | D43: Proposal | E43: New Business | F43: 46358 | G43: 40000 | H43: USD | I43: 0 | K43: No | O43: =IF(AND(D43="Closed Won",F43>=Inputs!$B$1,F43<=Inputs!$B$2),G43*(1-N(M43)/100),0) | P43: =IF(AND(D43="Closed Won",F43>=Inputs!$B$1,F43<=Inputs!$B$2),G43*N(M43)/100,0) | Q43: =IF(H43="USD","",_xlfn.MAXIFS(FX!$A$2:$A$100,FX!$B$2:$B$100,H43,FX!$A$2:$A$100,"<="&F43)) | R43: =IF(H43="USD",1,SUMIFS(FX!$C$2:$C$100,FX!$A$2:$A$100,Q43,FX!$B$2:$B$100,H43)) | S43: =COUNTIF($A$2:A43,A43)=1 | T43: =IF(E43="Renewal",Inputs!$B$6,1) | U43: =OR(N(I43)<=Inputs!$B$9,J43<>"") | V43: =IF(L43="",100,IF(N43="",100-M43,N43)) | W43: =V43+N(M43)=100 | X43: =AND(D43="Closed Won",F43>=Inputs!$B$1,F43<=Inputs!$B$2,S43,U43,W43) | Y43: =IF(X43,G43*R43*T43,0) | Z43: =Y43*V43/100 | AA43: =Y43*N(M43)/100 | AB43: =IF(AND(X43,K43="Yes",MONTH(F43)=11,Y43>Inputs!$B$8),Inputs!$B$7,0)
A44: OPP-2020 | B44: Kessel Retail | C44: Tyler Brooks | D44: Closed Won | E44: Renewal | F44: 46325 | G44: 26500 | H44: USD | I44: 0 | K44: No | O44: =IF(AND(D44="Closed Won",F44>=Inputs!$B$1,F44<=Inputs!$B$2),G44*(1-N(M44)/100),0) | P44: =IF(AND(D44="Closed Won",F44>=Inputs!$B$1,F44<=Inputs!$B$2),G44*N(M44)/100,0) | Q44: =IF(H44="USD","",_xlfn.MAXIFS(FX!$A$2:$A$100,FX!$B$2:$B$100,H44,FX!$A$2:$A$100,"<="&F44)) | R44: =IF(H44="USD",1,SUMIFS(FX!$C$2:$C$100,FX!$A$2:$A$100,Q44,FX!$B$2:$B$100,H44)) | S44: =COUNTIF($A$2:A44,A44)=1 | T44: =IF(E44="Renewal",Inputs!$B$6,1) | U44: =OR(N(I44)<=Inputs!$B$9,J44<>"") | V44: =IF(L44="",100,IF(N44="",100-M44,N44)) | W44: =V44+N(M44)=100 | X44: =AND(D44="Closed Won",F44>=Inputs!$B$1,F44<=Inputs!$B$2,S44,U44,W44) | Y44: =IF(X44,G44*R44*T44,0) | Z44: =Y44*V44/100 | AA44: =Y44*N(M44)/100 | AB44: =IF(AND(X44,K44="Yes",MONTH(F44)=11,Y44>Inputs!$B$8),Inputs!$B$7,0)
... A95: OPP-2032 | B95: Dunmore Foods | C95: Sarah Chen | D95: Closed Won | E95: New Business | F95: 46327 | G95: 10500 | H95: USD | I95: 5 | K95: No | O95: =IF(AND(D95="Closed Won",F95>=Inputs!$B$1,F95<=Inputs!$B$2),G95*(1-N(M95)/100),0) | P95: =IF(AND(D95="Closed Won",F95>=Inputs!$B$1,F95<=Inputs!$B$2),G95*N(M95)/100,0) | Q95: =IF(H95="USD","",_xlfn.MAXIFS(FX!$A$2:$A$100,FX!$B$2:$B$100,H95,FX!$A$2:$A$100,"<="&F95)) | R95: =IF(H95="USD",1,SUMIFS(FX!$C$2:$C$100,FX!$A$2:$A$100,Q95,FX!$B$2:$B$100,H95)) | S95: =COUNTIF($A$2:A95,A95)=1 | T95: =IF(E95="Renewal",Inputs!$B$6,1) | U95: =OR(N(I95)<=Inputs!$B$9,J95<>"") | V95: =IF(L95="",100,IF(N95="",100-M95,N95)) | W95: =V95+N(M95)=100 | X95: =AND(D95="Closed Won",F95>=Inputs!$B$1,F95<=Inputs!$B$2,S95,U95,W95) | Y95: =IF(X95,G95*R95*T95,0) | Z95: =Y95*V95/100 | AA95: =Y95*N(M95)/100 | AB95: =IF(AND(X95,K95="Yes",MONTH(F95)=11,Y95>Inputs!$B$8),Inputs!$B$7,0)
A96: OPP-2067 | B96: Juniper Health | C96: Dan Ortiz | D96: Closed Won | E96: New Business | F96: 46331 | G96: 38000 | H96: USD | I96: 22 | J96: Tom Alvarez | K96: No | O96: =IF(AND(D96="Closed Won",F96>=Inputs!$B$1,F96<=Inputs!$B$2),G96*(1-N(M96)/100),0) | P96: =IF(AND(D96="Closed Won",F96>=Inputs!$B$1,F96<=Inputs!$B$2),G96*N(M96)/100,0) | Q96: =IF(H96="USD","",_xlfn.MAXIFS(FX!$A$2:$A$100,FX!$B$2:$B$100,H96,FX!$A$2:$A$100,"<="&F96)) | R96: =IF(H96="USD",1,SUMIFS(FX!$C$2:$C$100,FX!$A$2:$A$100,Q96,FX!$B$2:$B$100,H96)) | S96: =COUNTIF($A$2:A96,A96)=1 | T96: =IF(E96="Renewal",Inputs!$B$6,1) | U96: =OR(N(I96)<=Inputs!$B$9,J96<>"") | V96: =IF(L96="",100,IF(N96="",100-M96,N96)) | W96: =V96+N(M96)=100 | X96: =AND(D96="Closed Won",F96>=Inputs!$B$1,F96<=Inputs!$B$2,S96,U96,W96) | Y96: =IF(X96,G96*R96*T96,0) | Z96: =Y96*V96/100 | AA96: =Y96*N(M96)/100 | AB96: =IF(AND(X96,K96="Yes",MONTH(F96)=11,Y96>Inputs!$B$8),Inputs!$B$7,0)

Sheet FX
A1: week_of | B1: currency | C1: usd_per_unit
A2: 46293 | B2: EUR | C2: 1.072
A3: 46293 | B3: GBP | C3: 1.26
A4: 46300 | B4: EUR | C4: 1.08
A5: 46300 | B5: GBP | C5: 1.275
A6: 46307 | B6: EUR | C6: 1.088
A7: 46307 | B7: GBP | C7: 1.265
A8: 46314 | B8: EUR | C8: 1.076
A9: 46314 | B9: GBP | C9: 1.28
A10: 46321 | B10: EUR | C10: 1.084
A11: 46321 | B11: GBP | C11: 1.27
A12: 46328 | B12: EUR | C12: 1.072
A13: 46328 | B13: GBP | C13: 1.26
... A29: 46384 | B29: GBP | C29: 1.28

Sheet Reps
A1: rep | B1: start_date | C1: end_date | D1: Full months in quarter | E1: Quota | F1: Target incentive | G1: Employed on payment date?
A2: Priya Shah | B2: 44963 | D2: =IF(B2<=Inputs!$B$1,3,(B2<=DATE(2026,11,1))+(B2<=DATE(2026,12,1))) | E2: =Inputs!$B$3*D2/3 | F2: =Inputs!$B$4*D2/3 | G2: =OR(C2="",C2>=Inputs!$B$5)
A3: Tyler Brooks | B3: 45425 | C3: 46361 | D3: =IF(B3<=Inputs!$B$1,3,(B3<=DATE(2026,11,1))+(B3<=DATE(2026,12,1))) | E3: =Inputs!$B$3*D3/3 | F3: =Inputs!$B$4*D3/3 | G3: =OR(C3="",C3>=Inputs!$B$5)
A4: Sarah Chen | B4: 44823 | D4: =IF(B4<=Inputs!$B$1,3,(B4<=DATE(2026,11,1))+(B4<=DATE(2026,12,1))) | E4: =Inputs!$B$3*D4/3 | F4: =Inputs!$B$4*D4/3 | G4: =OR(C4="",C4>=Inputs!$B$5)
A5: Marcus Reed | B5: 44256 | D5: =IF(B5<=Inputs!$B$1,3,(B5<=DATE(2026,11,1))+(B5<=DATE(2026,12,1))) | E5: =Inputs!$B$3*D5/3 | F5: =Inputs!$B$4*D5/3 | G5: =OR(C5="",C5>=Inputs!$B$5)
A6: Dan Ortiz | B6: 45663 | D6: =IF(B6<=Inputs!$B$1,3,(B6<=DATE(2026,11,1))+(B6<=DATE(2026,12,1))) | E6: =Inputs!$B$3*D6/3 | F6: =Inputs!$B$4*D6/3 | G6: =OR(C6="",C6>=Inputs!$B$5)
A7: Ana Lima | B7: 46310 | D7: =IF(B7<=Inputs!$B$1,3,(B7<=DATE(2026,11,1))+(B7<=DATE(2026,12,1))) | E7: =Inputs!$B$3*D7/3 | F7: =Inputs!$B$4*D7/3 | G7: =OR(C7="",C7>=Inputs!$B$5)
